{"cameraMode":{"drawMode":0,"name":"Shaded","section":"Shading Mode"},"sceneLighting":false,"audioPlay":false,"sceneViewState":{"showFog":true,"showMaterialUpdate":false,"showSkybox":true,"showFlares":true,"showImageEffects":true,"showParticleSystems":true},"in2DMode":false,"pivot":{"x":0.06124278903007507,"y":2.895829916000366,"z":1.3654611110687256},"rotation":{"x":-0.25979945063591006,"y":-0.0023189722560346128,"z":0.0006270916783250868,"w":-0.9656776785850525},"size":6.470801830291748,"orthographic":false}